Model,MAE,MSE,RMSE,R2,CV_MAE,CV_MAE_STD,CV_RMSE,CV_RMSE_STD,CV_R2,CV_R2_STD
Random Forest,1.8258,4.9792,2.2314,0.0873,2.0063,0.1803,2.3262,0.2625,-0.1739,0.3245
Lasso Regression,2.1754,6.9354,2.6335,-0.2713,1.9337,0.2141,2.3433,0.1994,-0.1814,0.2608
Ridge Regression,2.192,7.0802,2.6609,-0.2978,1.9303,0.2066,2.345,0.1945,-0.185,0.2699
Linear Regression,2.2031,7.1728,2.6782,-0.3148,1.9365,0.2127,2.36,0.194,-0.199,0.2656
LightGBM,1.8538,5.4335,2.331,0.004,1.9971,0.1565,2.4005,0.2634,-0.257,0.3733
XGBoost,1.8109,5.0385,2.2447,0.0764,2.0728,0.1275,2.5503,0.2531,-0.4361,0.4875
Extra Trees,2.0219,6.3486,2.5196,-0.1637,2.1609,0.1266,2.5603,0.1742,-0.4222,0.3635
Decision Tree,2.1273,7.1064,2.6658,-0.3026,2.2339,0.3068,2.7075,0.3256,-0.6144,0.54
Gradient Boosting,1.9237,6.1218,2.4742,-0.1222,2.1964,0.1784,2.7259,0.2604,-0.6317,0.5197
