numerical__Student_Age,numerical__Scholarship,numerical__Additional_Work,numerical__Sports_activity,numerical__Weekly_Study_Hours,numerical__Attendance,numerical__Reading,numerical__Notes,numerical__Listening_in_Class,numerical__Project_work,categorical__Sex_Female,categorical__Sex_Male,categorical__High_School_Type_Other,categorical__High_School_Type_Private,categorical__High_School_Type_State,categorical__Transportation_Bus,categorical__Transportation_Private
0.12171731519049935,0.44532198422327507,0.11522840217827202,0.19055826314131782,0.0012363296883569628,0.013158699093608586,0.14571684765312348,-0.00891103770583922,-0.15151407688882043,-0.15033429950095714,-0.08264664016044991,-0.09280828982136179,-0.22425092890780618,-0.06693321737093319,0.09138537590604279,0.12322344676426344,0.1060912391672395
0.20071645354137724,0.44589881142913695,0.07880756160460288,0.23450907196823148,0.001584380362027067,0.013845804388912968,0.16436283499665286,0.007881224354377964,0.16733959066240092,0.20450428860084185,-0.06552751605500941,-0.06842789883788049,-0.16298472420950683,-0.06205762076146892,0.1542104821457756,0.129692851489367,0.113842854213652
0.2703155366938055,0.5260148129978082,-0.033163271583929455,0.2928215374166217,0.08363772535480533,0.16881090065315965,-0.0805857108382866,0.014232615417228782,-0.0945789196865136,0.19201667882245949,-0.04698902454141574,-0.04361658696090603,0.036443277261323924,-0.04413322452017225,-0.006309084709631541,0.23190349782645117,0.20953536701224992
-0.14354773103104146,0.5574277761584833,0.14093765427689017,0.13780309820974856,0.030590931075003318,0.14918124777497985,-0.20627659114851077,0.028300636664970895,-0.07919665310594441,-0.010134451763376176,0.11001459476280502,0.12297859970461766,0.024204810699202644,0.3979253629943356,0.08917036743368312,-0.1605784285099962,-0.14032334934851898
0.19268894202924045,0.412170690077735,-0.04104128367391969,0.18224351667281782,-0.02439120988673308,0.05211028472034036,0.29964647116011955,0.017849294508878677,0.20709621519060473,0.18839601592178926,-0.04312636460785579,-0.044280003981464096,0.027684307409811763,0.3649958255507002,0.15712262184591647,-0.12489572483361251,-0.12524256380287335
0.1997080356432004,0.4888288907134963,-0.05035175281232821,0.31282937976493785,0.05877272532519347,0.002522201019600947,0.13266092689546,0.00953911006674852,0.1331114143549385,0.19616838253687863,-0.06614948038421578,-0.0699516966536918,0.02912435184611914,-0.06185415719339674,-0.04482736056337172,0.14498058565936633,0.14163206982363588
-0.3748556184812519,-1.0410141352433648,-0.027946883901615198,0.10939420887559996,-0.02069655513636883,-0.037343101946483076,-0.24242949654954712,0.027486034226380025,0.11519985107916618,0.11976590171426724,-0.18267687525811585,-0.19597905183275904,0.013486362296911015,-0.07421538824626138,-0.0343004649339323,0.1544389783942869,0.12308327512586449
-0.3668208013749348,0.2747974841491322,0.07581708752438511,-0.26163430877837696,-0.01182284354311558,-0.399038362023708,-0.2531416255625528,0.09620278324342124,0.07797160924258834,0.03476537383675046,0.06437281132690788,0.043031128637537,0.01389473985907474,-0.10495240446496588,-0.05375775038735931,-0.22726637957877802,-0.24190120371276647
0.20106631222433566,0.2010234049194103,-0.050705611582232524,-0.32509474042402314,0.05869115095387741,0.07361734411189316,-0.1500926191168432,-0.0754359748861781,-0.17838461153783908,0.07460088371240572,0.08453138373368231,0.07631564570680298,-0.1378315319117483,-0.09593084707082429,0.13217041788066902,-0.17941001947812055,-0.17626880439770923
0.07777353513283428,0.1439494452101814,-0.04745011629421322,0.10563685626347073,-0.4168288265079456,-0.16488452485497263,-0.33265863552317854,-0.025193389376106993,-0.10861963378530849,-0.2017768159760267,0.0009531953128403933,-0.002744072816517375,0.02865645793582043,-0.07557852364131747,-0.022576227721269205,-0.255942002057625,-0.27279254716241874
-0.1864351369002437,0.4214412986249485,-0.01871604915180798,0.21540967244133932,-0.13331021113628272,-0.3105751723608725,-0.25199381046630487,0.09339726707305818,-0.08556354109078634,0.0947223587091386,0.07029013161976555,0.07849566698480676,0.03278836508180358,0.31726240140835243,0.04542781832854255,0.2266715364415244,0.2212649829358484
-0.25509788998983723,-0.919812380556574,-0.03525883430293929,-0.2338306129787594,-0.2012216654876947,-0.33984304263500054,-0.24868414745930773,0.013323176633149468,-0.24479736082143766,0.06135429492659007,0.10698419193773984,0.0939132204836913,0.012288801390259623,0.16593388746388757,0.012388746227202506,0.10264702143669584,0.1037404534897637
-0.1538777247003638,-0.9880324858812922,0.000499910605243275,0.15131980421310812,-0.11315541787059999,0.023512698808618542,0.19835226385350993,-0.03236955662700915,-0.11092689243825272,-0.1521700207353307,0.1401287190964274,0.1251790343698524,0.013869473816292364,0.22196327381542677,0.06467798658773212,0.13938219913576155,0.10595836952565024
0.14174972921617424,0.4312339450652776,-0.014229063764239172,0.23662461991050124,0.04780411986573853,0.03817995404249317,0.13257650028019255,0.03059466406084241,-0.11946200288344326,0.17229178184076735,0.16117623578719856,0.16280777075081967,0.017654320938983604,-0.01109066696080648,0.004431257116945764,0.1633015716682679,0.11480915834449994
0.36751664851617577,-0.7260624552369769,0.007650946247095325,-0.19151194391831322,-0.02309292618326527,0.19967090694633574,-0.24363350117236066,-0.0246380172609006,0.14581809388851028,0.14695022042798084,-0.11042507246555303,-0.09391449697109745,0.012779881446311335,-0.05111176509219691,-0.037423005662775496,0.14310450341144618,0.14102392035048447
0.26927315346179204,0.5251397674583862,-0.03766529210973956,0.2574270579487142,0.020168555431819214,-0.0015839442266444125,-0.07630225376473894,-0.0027878344213633725,-0.1048298160109169,0.17518479431364614,-0.07319102443709025,-0.08759947767557148,0.039868506269098,-0.06029071860335159,-0.01796566134289429,0.18274247760110066,0.1483726061577804
-0.0662598907111662,0.6038977931725047,-0.024431836055054827,-0.2547511172645065,0.0061662982954493965,0.05441935600924538,0.10898304051985075,0.011822541790114528,-0.11896456015720451,-0.0987345662835505,0.18418123126470168,0.19185779311319637,0.01291817413487092,-0.017587869239599416,-0.0001057307338186976,0.13031718736943132,0.11482078239312996
0.20037430928658387,0.4717752367681883,-0.04367268128061808,0.2858707261347854,-0.04709516332260428,-0.0027535705409985874,0.09118267007297992,-0.010008551438127046,-0.14833933602529037,0.16728031414946978,-0.08549286661731705,-0.08943591785703632,0.03356451696138219,-0.06418022772816538,-0.044762298709927595,0.1919746395977284,0.1503972949306019
-0.09509506124174096,-0.706355107441757,0.008010316604042018,0.16770204437819705,0.3857042457665589,0.03981120610966015,0.3498482484541598,-0.021420696442563034,-0.024281565132998607,-0.07600051090612722,0.1683891973788207,0.17281073691279605,0.017534799841414678,-0.05104961613750052,-0.013374546555672853,0.18978368876102344,0.1622230764339191
-0.23471369183114368,0.5192100235044451,-0.05185130059744026,0.1433378818006763,0.008868522860308058,-0.3128124171541045,-0.2663526408061879,0.010144670701409002,0.12553087715003694,-0.03947818263749823,-0.01642722229601649,-0.04152247881748749,0.01963036482282507,0.3627657904047002,0.1279834824806279,-0.1911428425957812,-0.1855623624899969
-0.07408428371743381,0.6540735952973531,0.07360247390648722,0.2013040859053419,0.10038040845693902,0.20247042052436778,-0.09863097066443599,0.020025462820660048,0.08051804359174229,-0.037792894732153075,-0.06043052142051239,-0.07162832031730515,0.007895192343127863,-0.04211299133812512,-0.029177342889968,-0.13516146053755082,-0.1232857678120847
-0.0914614967833846,0.6278168332123469,-0.04518259600651004,0.20713018561211388,0.08219856041181357,0.20509258763167745,-0.09423855204297477,0.02817824234594887,-0.1085891478165183,-0.04070631324900889,-0.08334932621244152,-0.11060973486625957,0.009673635123375792,-0.04063024517957533,-0.02156978295922509,-0.149826420307614,-0.11108319775156701
0.13633939243471654,0.43545188337987933,0.0811628482595588,0.15693594883026893,-0.031613937903698534,0.030623098540165674,0.15825129344737648,0.058494693010867106,0.11924096285828124,-0.20168453201753453,-0.06396660815668427,-0.07177897760384466,0.016761366270518007,-0.0661176158787512,-0.06635111652002056,-0.16152439755528425,-0.13360420750981666
0.22405185694830365,0.3416043023308608,0.164673041724403,-0.2389193908365817,0.044176086089487164,0.016312736050293708,0.2066177666831015,0.004548443604624146,-0.06848809542287605,-0.03692910265753576,-0.06677516843694686,-0.06979449967843449,0.039447334668634954,-0.05500514656329739,-0.01218000904578823,0.14497713951775576,0.1200228099558689
0.1200249640243645,0.5183779060830337,-0.05700766053639504,0.2704523624555881,0.04257920840688222,0.0070435233917679465,0.1299824360199032,-0.0043479043346205,0.09722699436928382,-0.21332656069117242,-0.0698763640746579,-0.07196117127918845,0.02905471313164815,-0.06259988667119301,-0.04625046108179516,0.1568863751153066,0.1480371143347471
0.1673990345842441,0.4372941234297549,-0.03799605534405308,0.14077027250940558,0.07211495259944417,0.03247012382328915,-0.12484704529752837,0.03744120057685957,-0.11857941737907962,-0.1580246722661619,-0.06569743016638911,-0.07211805443827482,0.0274875287724976,-0.06967019372511231,-0.023265673601484033,-0.1751657686320425,-0.16092116785542113
0.12181092837365898,0.41845120021781423,-0.061143199105649436,-0.22893331584839743,-0.0005430493797597767,0.022431082894226576,0.12089440957435829,0.062274073276354064,-0.09504024655833825,-0.07757859064804279,-0.06413284956188794,-0.061763160777871896,0.023814546061874848,-0.06472451490913199,-0.04086408764611368,-0.11918810725922346,-0.0911361231577205
-0.11237684093195152,0.579133146187977,0.10986818924378686,0.19863638462298838,-0.03594165859635659,0.05290209787900406,0.20927859364173015,-0.002795159128236814,0.10556818880374509,-0.09483793369178645,-0.04956106874269769,-0.0710934448774162,0.02636438008936186,0.3392256758781191,0.15467150781150538,0.13669654678826162,0.10097012832112831
0.2426815769664147,0.34210208709923,-0.022204161397352904,0.13886253942501597,0.04953532617562781,0.08728160975285461,-0.09840062294848388,-0.05741617509245256,-0.10352389626683979,-0.16838763499934623,-0.01279928082745174,-0.024693074931059215,0.02113632766911425,-0.05970604526110489,-0.024991645326412095,-0.2269350897453661,-0.19121562817238028
0.3044264973950646,-0.7973551941160459,-0.01283470095549705,0.1516050765083445,0.023677147133528916,0.28252530960548633,-0.19410997456117873,-0.00835582581638733,0.1279271416905815,0.2403230364358278,-0.1042310868401622,-0.10647361910319335,-0.0875167855810602,-0.04439475764491964,0.12454780688120165,0.12027253337219047,0.1086647290831026
0.027598462062222627,0.16888799974070492,0.054045439792312924,-0.28576817481837274,0.05657636822998453,0.00908294694303131,-0.17528865929684323,-0.00848030472551073,0.06623418050967797,-0.1895537270843545,-0.13828774703130578,-0.14204514345647334,0.008629421238558746,-0.0457501595169548,-0.026496080643046035,-0.14282290815258408,-0.134949646653933
0.2566245408763798,0.5709483606173664,0.06149681236916871,0.16982155816962086,-0.015472304556399752,0.014267928877031119,-0.12820930010540607,0.01972033501866923,-0.07425988975938354,-0.18729555365563458,-0.06639398849004305,-0.0844400107878649,0.0329043113282347,-0.05945733148551539,-0.021822195833034703,0.16858051299762064,0.14715895124375478
0.14534672952677546,0.41422802362325495,-0.05238470670087728,0.332787467602253,0.040145871592225095,0.03568559353769055,0.115812347780823,0.00939493539238007,-0.11526706803123966,0.1489143253297772,0.11303414554864542,0.1050343251253595,0.03330319255660697,-0.053413291110509416,-0.021102484877494616,0.19741109688567693,0.16679769479652992
0.10493582675177797,0.3511084450771402,0.10293839274757328,0.1507567801365633,-0.010913641054009961,0.0851911193112325,0.154684420854161,0.0724317363129316,-0.10759470510766175,-0.14376711999057473,0.12929530461566646,0.09352861507688055,0.02195673011534882,-0.06675106842675235,-0.04882967077757236,-0.1931843857199952,-0.15087079103461887
-0.1284050636425014,0.5755948523526259,-0.055791907586369496,0.16094303297538623,0.020943575833720834,0.06482416768361442,0.2517815653230322,-0.013132615418351926,0.13424274154670143,-0.07743419436324377,-0.04651557042330089,-0.05318314067081159,0.020581497476691753,0.35808626988744635,0.1701229514929251,-0.17228428413633634,-0.15125382677851792
-0.08614467364333095,-0.6599671115064951,-0.025363556730998073,0.21556121285618407,0.43606851752710407,0.02355973206723082,0.4109398444485243,0.01663793409047245,-0.08124481215652284,-0.03440076110703217,-0.07600619741172743,-0.071140050172867,0.02066357104306929,0.31734001672292067,0.1327416732274018,0.15406564796699798,0.12094463107104221
0.3030378502668854,-0.6260453391991766,0.05919380684875086,0.15359187686954248,0.09401326863897387,0.012397973464711304,0.354099819711792,0.06909154200469922,0.17279939590735488,0.2076829399886703,-0.0717848021162449,-0.07196318087198107,-0.08205210489424304,-0.05730752882585579,0.1765578659248673,-0.106392747790088,-0.09714171366491382
0.36334606391526714,0.39867762486157127,0.07149827416614704,-0.3546481254747872,0.06775097128669871,-0.23674209457121492,-0.19549779917517854,-0.06708527210553947,0.13599676640303493,0.13785688881404626,-0.020031721962510792,-0.02840804517441984,0.01658354020925427,-0.09500836113061124,-0.06126552924250308,-0.1624287620153977,-0.1943187967324895
0.18796313153618563,0.31853090382295285,-0.021755330319193217,0.21485334127531405,0.02325763619332282,-1.3029446406122083e-05,0.17156452067344224,0.031715216644438826,0.13854852308776652,0.2045200610613108,-0.13943166464344087,-0.14242025589521382,0.014092949374642522,-0.03301969260835424,-0.0306264608599818,0.13803250503287262,0.09868533984697618
0.2885382591003148,0.2966631326033159,-0.03577631138020725,0.22441352727249142,0.06025157324436559,0.08115268055712352,-0.17178421147739567,0.06173434956951574,0.12024639569903349,0.18492547862404343,0.0829721589973851,0.06924162786675918,0.019441653061056954,-0.07049212963146935,-0.03962738563291486,-0.1791198577210195,-0.1604784285532242
-0.2046668867193528,0.568792122020631,-0.044420313742270325,0.2575414178775299,0.020308480910889364,0.03495858749137799,0.24867093188314757,0.05085419425517234,0.13945002053602826,0.10778113132748995,-0.054491120393169785,-0.06033402080397096,0.028518589197225427,0.3689191383766978,0.12428239061879816,0.16804591022355636,0.153495545052713
0.36952020147330933,0.605704270973137,0.07935316390106889,0.25158751573088994,0.09469366296443388,0.010178587053015883,-0.1082141332268886,0.005144000669088276,-0.09419852180583037,0.1612216423180131,-0.06637939824768666,-0.0756078005186671,0.041199625766550715,-0.057284601074263544,-0.00029426556149655145,0.19443412962114806,0.1839030647530403
0.23513844763283115,0.44746240279654265,-0.038791954803115834,-0.36091946644586903,0.06119826262970417,0.20202035332759063,-0.04540360831709985,0.024321288864046286,-0.09567288390261736,0.13698731732776384,-0.06611699769280419,-0.05638991068006134,0.030389561880425513,-0.04735842796679672,-0.017990397608929343,0.16877897488227322,0.1433909544808404
-0.1683967750749728,0.47420893132600656,-0.04271422500022525,0.1352369236637281,-0.0731305302216893,0.04416070360674494,0.17917244172030522,-0.06231322501716106,0.11728426217284947,-0.05052672592673137,-0.05629944577184141,-0.06454018258826835,0.015764859301399103,-0.08086663477757963,-0.06716726631871478,-0.19346709747982097,-0.15233851228656575
0.2805498160237149,0.37776141346646147,-0.04679065010594959,0.21169514174836498,0.021277402865449883,0.02639714791925526,0.21843329957115418,0.034163782907709106,0.24078880054467208,0.2186274555158315,-0.05918366444725824,-0.05880009542969882,-0.1405879995816463,-0.06552948856278208,0.17731118056664572,-0.09655161963293941,-0.08672322416798411
-0.14017374051441955,0.49950247438221423,-0.0453202710464228,0.1559207077014121,0.14593890948221364,0.0546338687221529,0.27936258801067543,-0.014206050217929074,0.09885374992073301,-0.04509622211126099,-0.048468288260127494,-0.05310421305775968,0.02082162536696165,-0.07932253143364194,-0.05573564426726698,-0.17820344889631584,-0.16851665523195544
0.12815070204377485,0.40723866567868827,-0.05181643031114993,0.13214489810612856,-0.019764315036825717,0.02276764549760358,0.11743465527075207,0.05059314134117827,-0.14933917025634486,-0.16751804399244064,-0.0753831556151299,-0.07423301964394495,0.027009516496323525,-0.06809970311493876,-0.045359370250677024,-0.18225943340483097,-0.1388512422155435
0.3434405893806448,0.4229957335935944,-0.030687537682147888,0.2121755725525147,0.045362500401060726,0.027726102601150947,-0.17274705896131412,0.04704286212493781,0.13752118705329952,0.1897945073553002,-0.0598415324194035,-0.06586811261247891,0.020643345858344507,-0.06726087212816223,-0.038238557905280086,-0.16379505307203654,-0.14979598098668254
-0.17484354878067887,0.4430049067067788,-0.041895131498863876,-0.22725712363196526,0.03906831471342512,0.07298564668248866,-0.15611461700725238,-0.05229307924604327,0.09996358331041554,0.03655233748608635,-0.051560721648609406,-0.06725094250492133,0.01569005684083225,-0.08319065329300236,-0.044195302316338635,-0.15094585257664536,-0.11246483451712105
-0.19874337643671894,-0.8280721931410067,0.005909465578850469,0.16902860786093285,-0.01696769166063629,0.25062378430957505,0.30384889319111286,0.020996564690897633,0.14419554702693724,0.15421495032554244,-0.05930527829604183,-0.043900558653684196,0.013205478389810075,0.260727199223242,0.1538476738766295,0.17770291192441565,0.15914256756365217
0.3209109122678985,0.4229400540319097,-0.032760069529829745,0.24240084169754708,0.07700162274829533,-0.166277248956728,0.2434853756984733,0.03937406253532103,0.18978362310806662,0.23748553900985833,-0.025397475829861748,-0.023884222871171756,0.02155952457780703,-0.05176009964431066,-0.051931511630597144,-0.14259283327904218,-0.13068228130515544
0.06871530545482961,0.34024351741412245,0.12326508760792243,-0.3299636457245594,0.01575681489985372,0.04425631198867426,0.14123593303303789,0.008199722816023151,-0.09387187197574458,-0.0886181571876525,0.11458407213837406,0.09911913357628178,-0.15839217216071227,-0.06219678991727239,0.07092313143865966,0.09704939890163382,0.07950789555344717
0.10892418127483013,0.4830359846258414,0.11560006991965255,0.2533949933372422,0.0750116082115387,0.05635822615959133,0.16101232928041526,0.01700374411323076,0.05851481948415203,-0.16922985886434047,0.0945309235261966,0.0937199992364941,0.02851338831321416,-0.051737091584872025,-0.0290215378528995,0.14716189627195125,0.1428423799328984
0.05255330881086786,0.2556238402605855,-0.1192672552615954,-0.49208030323232615,-0.03335890416432111,0.03352681124272464,0.08880498250601997,-0.009230508778477883,0.04241097570478442,-0.14687890317971034,0.08951541988562188,0.08496643074544227,0.0211426513314743,-0.061311294019425526,-0.0317121907296551,0.09219149037173596,0.09109289953801201
0.18754100496279494,0.36907420743404823,-0.04647061104445064,0.20320295230335067,-0.35689371779440127,0.10590888606482111,-0.16119276683854977,-0.06593281067180358,-0.10092880673141835,0.14194480470705237,-0.04258649629849488,-0.04217316922068001,0.047083031150068094,-0.05571846189481045,0.006268235423106652,0.2092369953517506,0.19390186516064187
0.21247831006501697,0.4682077228292808,0.07251316588364261,0.13523942662061397,0.0022839425204065128,0.04952121195554364,-0.24313873001059644,0.017429517416190667,0.10843569240225437,-0.17219775835265974,-0.05164592950611629,-0.059464713820348576,0.022985434466818305,-0.07717156028474367,-0.02842457421328651,-0.18293969151132589,-0.20291595262003953
0.08536050093780097,0.3486562275290085,-0.08604156104244723,-0.40797426172789736,-0.0060791474513121925,-0.0041868218486578864,0.08020171173818483,-0.0053944858110255706,0.05233287575718322,-0.15379656042010195,-0.0717698063050194,-0.08031129422261599,0.022898549066069966,-0.06253234880100442,-0.04631988306423995,0.08903688871299195,0.06792828847121504
0.10524739581130067,0.4798028603858119,0.12818002673210435,-0.3221606938572345,-0.038812331592106196,0.0014979948532833182,0.11636515371321307,0.03591471783165041,-0.07306111404126048,-0.09240037881254894,-0.07557138647617069,-0.08512404162043134,0.028068628922188386,-0.06079346995502248,-0.03366090729988662,0.11581888618408649,0.08671104164345397
0.15953215634873355,0.3340331431381266,-0.048255865129618006,0.1375989818316094,-0.06247588153145932,0.03498283838803495,0.3021861092617411,-0.005249666441783117,0.13935308480271266,-0.17547742915326212,-0.055706228483175114,-0.05534925166084057,0.028223319612992445,-0.07023512216629103,-0.04402301981213812,-0.15300230081081528,-0.15003791380924825
0.12181092837365898,0.41845120021781423,-0.061143199105649436,-0.22893331584839743,-0.0005430493797597767,0.022431082894226576,0.12089440957435829,0.062274073276354064,-0.09504024655833825,-0.07757859064804279,-0.06413284956188794,-0.061763160777871896,0.023814546061874848,-0.06472451490913199,-0.04086408764611368,-0.11918810725922346,-0.0911361231577205
0.09575530589608379,0.23029482313200642,-0.06414889807413877,0.22705669910757817,-0.10063018862871957,-0.26805197871699304,0.2356521735433603,-0.05027377032834308,0.07952851621878107,-0.15122662256591995,0.04253059041324575,0.05706930358488417,0.03205037144482231,-0.04825417253190813,-0.025267749163835528,0.16447048383334403,0.17208089581292915
-0.19155686588546653,0.39170640487115754,-0.09514853219770965,-0.3338928969712812,-0.05305730490366892,0.019744108625301238,-0.1738046522915564,-0.03017804015723969,0.1128064310503014,-0.06692211187843437,-0.10036515733347984,-0.09770404723247059,-0.19197040973155158,-0.08963109229298773,0.04028660427503572,0.09092532220537795,0.08359374996709239
0.25536857861567225,0.4369652427660098,-0.02062117703493035,0.23163731963433593,-0.008841420391107864,0.12470576698420052,-0.11248060522043538,-0.004986159186321007,0.06998660911501647,0.20657080700185704,-0.04818592853103128,-0.046981487224957756,0.02345585644116174,-0.04645876791639006,-0.03472654916152385,0.1992466351680207,0.17203012916868182
0.2163428379415327,-0.9687084016237411,-0.03367867397467211,0.13538506900429106,-0.06781806680138586,-0.013281961355396794,0.21868446308430142,0.08632867389459185,0.10633523083145947,-0.24968662501669056,-0.09662289351389988,-0.10210390455447317,0.01097882844128524,-0.05262538180289674,-0.05232517654051686,-0.17417522695639498,-0.14811614997125133
0.16593605207773324,0.3078760483363592,-0.029141632703811912,0.24201569686063476,0.043203699444742935,-0.002114876961819234,0.1505826204781566,0.0416595304042647,-0.20223105895389581,0.1687967046040879,-0.1487821373521969,-0.14336650831681572,-0.12300842094349729,-0.032997315464219454,0.0796492825432774,0.11906813273850335,0.08335183499979332
-0.05874624294881569,0.40754868077638184,-0.04787271327849482,0.15268430483917872,0.1568144005087403,0.05074968648534453,0.34729575405658614,0.022961880623000544,-0.09413632374567323,-0.012731960576440502,-0.06261158071078905,-0.06500693879068627,0.03112524859113376,-0.08986334036744636,-0.039591086195248704,-0.19007947556755603,-0.17722957601752942
0.10920393932174575,0.41286641795876866,-0.04299789412212782,0.13811519244262874,-0.05986793778428161,0.020661797297449044,0.1032376187141991,-0.0990217183842607,-0.1487281143840371,-0.17350379165443208,-0.07462235198181966,-0.0678247414900658,0.02251466996477641,-0.07180780949246364,-0.052015960357877575,-0.21750379457741492,-0.17169842811780442
0.10954102051970317,0.36767077051476627,0.09555423757555333,-0.2818514465855188,-0.11708330904701736,0.013683886610772904,-0.23789592413641122,0.04100074333176547,-0.1223598121095681,-0.08297124769437306,-0.08243590479605067,-0.08399751261491446,-0.21441377781395066,-0.07939527326803074,0.032800120546093554,0.145581374847239,0.15407960735111684
0.16822078142361407,-0.9415045323268825,-0.027025119799434727,0.10379532416401584,-0.06544826923105576,0.016105121950269457,0.1591395045629734,-0.08080558540240511,0.07182753528077522,-0.252681468456384,0.1484845168668875,0.1387749726371872,0.011207824584264555,-0.041235379660282616,-0.028207932707248154,0.13636747486958234,0.12197812275479629
0.2754622172754502,-0.7776758185789354,-0.010867108318589187,0.15270709544893424,-0.0269487665316481,0.03361082674788843,0.1402768089108774,-0.09484120557866797,-0.14610056774188204,0.20124615144994876,0.1611700286036301,0.16037190437641197,0.013909004008127033,-0.04293138335616121,-0.03231767068104517,-0.23133453236703677,-0.15811168304240605
-0.34355569821297166,-0.8912762661728496,-0.04283217426453737,-0.2414833783478588,-0.06261119049475242,-0.009904168247369576,0.19512860218595127,0.051480253391866765,0.1445219254288322,0.058170193243170576,-0.14843248157718017,-0.17544156821843723,0.007814178250126622,-0.06772854811420005,-0.060034768048615614,-0.184817639059746,-0.14842395598237676
-0.1973909534407219,-0.8775893061729887,-0.02514617774050224,0.03560754580152689,0.02843395185435866,-0.0006574644682650007,-0.2265832847096216,0.02008513772172195,0.07544201537358768,-0.16338530450771732,0.14975552344211718,0.16145938824793232,-0.09677678366599343,-0.059504951388776,0.01695749721532967,0.10217358561813089,0.09531773855991497
-0.36243531582965527,0.3782387615779854,-0.055092635503481854,-0.2726053814328511,0.048603602749547885,0.03830148663757986,-0.18361075920423459,0.037576974435458134,0.10002845589079297,-0.04076243372158207,-0.08975114435110412,-0.08741703967846824,0.014321431057374101,-0.0890175633966256,-0.0433426497779452,-0.18417418543719188,-0.14961019317917204
0.2442553641578045,-1.0088313657207266,-0.022662662530996976,0.1226232153560569,-0.025598269253225617,-0.029171487476069107,-0.21302844726256534,0.03806957324318578,0.08802565431766152,-0.23960223006158599,-0.13857574608639547,-0.14831793998872622,0.014386999545458938,-0.052523836697701595,-0.03005161507807502,0.10938947617415146,0.09677773221205836
-0.23075128845776563,-1.1349550064987846,-0.014184368252428163,0.18717044541934885,-0.1704678445784311,-0.026556746529098663,0.20525535869687303,-0.07760938488854234,-0.173094221337216,-0.12979681519229005,-0.18203313272012855,-0.2039608119361539,0.014443492367387279,-0.0812406391157441,-0.0602974410069656,0.13997023720195392,0.09388428548116756
-0.25255294180338883,-1.0765171116421837,-0.031719115327159,-0.2240880055065747,-0.05158180365031583,-0.015712396960399052,-0.18229757803052243,0.06267509230813706,-0.21821644137475274,-0.07070787527939976,-0.21094957446833537,-0.22698281306067064,0.012631169611032937,-0.06883005079029392,-0.02755330771075303,0.08798015326635165,0.06597047714935703
0.06415913862740932,0.3372580622618147,-0.11397743263895842,-0.4085262763081617,-0.07442494970949506,0.027853212159082066,0.10336453587093934,-0.020325415529755295,-0.10677948400918096,-0.10654338193598395,-0.06969406708875923,-0.07622388140620366,0.031668920461895206,0.2779820557461115,0.05076815064829617,0.07653211689952677,0.06211401423804227
-0.4130152103889958,0.32232714811155316,-0.07459735908941179,0.14731889032244985,-0.029343696371762266,-0.30773624433227625,-0.2888862833331402,-0.026375300881379894,-0.16214274364700154,0.006766881672018377,-0.06268378231940944,-0.07378121557788164,0.0248205283878948,0.3120048370775693,0.060979203889860466,-0.23918103922957662,-0.20036439863934802
0.12299413577018975,-0.7179917910223612,0.01821604927981467,-0.19691040332010543,-0.0430803861068514,0.019050277016793876,0.12965241963393181,0.04573674626492767,0.09922091723495942,-0.20244864875794832,0.1554956892170265,0.15607816357145368,0.010946941468318469,-0.036617730706078995,-0.019387671451474037,0.10337077386982031,0.10229623945301256
0.20781610006544404,-0.9245857274718305,-0.022481525131299758,0.15482581662504585,-0.08248414712226049,-0.021359745628609525,0.19414000530744918,0.04947621659826317,0.10932070646401269,-0.2253450534408533,-0.12452430754507479,-0.13550135091520327,0.015105814721541532,-0.055214441971543786,-0.051443641303181645,0.12781102977636416,0.09704471007348255
0.2790306007009346,0.27807276452583896,0.06194292135977493,0.2131194586355949,-0.0076567318512894235,-0.29315369782526124,0.20880411630579007,0.07593951980775777,0.12931006681356455,0.2133624435757804,0.04412795158490183,0.030248531850062144,0.014680083706486725,-0.0558361006645752,-0.06515774177501384,-0.18076164699405264,-0.15619927543941908
0.2566245408763798,0.5709483606173664,0.06149681236916871,0.16982155816962086,-0.015472304556399752,0.014267928877031119,-0.12820930010540607,0.01972033501866923,-0.07425988975938354,-0.18729555365563458,-0.06639398849004305,-0.0844400107878649,0.0329043113282347,-0.05945733148551539,-0.021822195833034703,0.16858051299762064,0.14715895124375478
0.20299221087554709,-1.0947654361944736,0.03008963164241395,0.11215877658845429,-0.0870282759293799,-0.01124546742959687,0.18986650994479026,-0.15233784376650197,0.10310487867808353,-0.26012495841904676,-0.09407396165874699,-0.10220035866063353,0.009257479623000607,-0.06001557074710614,-0.06076809695965614,-0.19437936199789574,-0.166308386267511
0.0936332242341149,0.20434545454117944,-0.08758503915880218,0.21560681708130774,-0.2706570118455226,0.006133691625943223,0.18153251389324068,-0.09915119361283264,-0.21036750085066958,0.060914331581046324,-0.0815258067864037,-0.08777693919298346,-0.2961511360440434,-0.07813951295299845,0.015154183432345477,0.0972660544710836,0.09146287249955345
0.146398216750532,0.2513706864867636,0.09013337130280755,0.08624772112778348,-0.37635099463665544,0.03923142524779656,-0.33796410094538254,-0.022928905269042486,-0.1587187098695768,-0.1424975188833521,-0.07075919870150614,-0.07613976910385989,-0.2005777250697819,-0.10154155155837331,0.027207212462664696,-0.18201752661974605,-0.21056022080921913
-0.1306847813133936,0.21098775663536265,-0.05294668672091722,0.17331999494310657,-0.10710909835270517,0.010633114428272895,0.19970330413298887,-0.030504417827187158,0.09263325245668928,-0.09681027664534651,-0.12354428372329095,-0.1338085587598578,0.016999714799709315,-0.046412146830768414,-0.021732300450018446,0.13360441902953177,0.0937592676768018
0.3122946730328509,-0.8866989917677287,-0.009257382109936952,0.15875056845544044,0.005897107922831047,0.2928664459183134,-0.16996453684009544,-0.026778323440462923,0.10786159944349338,0.24038201147002564,-0.12669876116969558,-0.13468610459732971,0.011731097767645046,-0.04352758055170428,-0.036227838873909166,0.14018918639040545,0.11682054984019095
0.1377116598564563,0.3968229975917209,-0.08956743034896679,-0.5666533986120453,-0.049170779491696244,-0.01577374326715523,0.0698015210196042,-0.018942965317025683,-0.169162177723059,0.0691375554952645,-0.08621061517284097,-0.08702643055217411,0.029112138902704667,-0.07097722441538355,-0.04118439848651233,0.12061501122883454,0.10220999188144442
-0.3248767494670325,-0.9391627187530024,-0.04267381704378498,-0.2565100123257828,-0.08772223584474113,-0.00540959733979381,0.1779455672992033,0.06244916603041476,-0.177950930638692,0.03325851605836666,-0.16096721373799763,-0.1924673006836299,0.010033827806974305,-0.06941908253352333,-0.052575804941445536,-0.15395121614862028,-0.10368502461428503
0.13101422997964862,0.5004100580452019,-0.04404399554293123,0.226935091547515,-0.07832599850986516,0.002943147209150198,0.09888569017784171,-0.025685268251042462,-0.11365240609172889,-0.18453916298247494,-0.08796934422567101,-0.08713568080009026,0.02943489791334457,-0.06431081426143347,-0.04639380906738709,0.1917583299492098,0.146698730933472
0.2819620087330447,0.1484516588240961,-0.03004583099361538,-0.3708355604143995,0.02836864517847689,-0.31545940600123096,-0.1551503816540731,-0.1061515563083343,0.11681898267741755,0.1420153334673914,0.01849102193385783,0.00986455662740113,0.012150344483085343,-0.08742218634826443,-0.06943185873489492,-0.22635984900446085,-0.22850508971271113
0.027598462062222627,0.16888799974070492,0.054045439792312924,-0.28576817481837274,0.05657636822998453,0.00908294694303131,-0.17528865929684323,-0.00848030472551073,0.06623418050967797,-0.1895537270843545,-0.13828774703130578,-0.14204514345647334,0.008629421238558746,-0.0457501595169548,-0.026496080643046035,-0.14282290815258408,-0.134949646653933
-0.17971986393547743,0.5578657901365797,-0.0513645257461127,0.21453925537970944,-0.11169442420303348,0.01110256339613213,0.1509669717505019,-0.01143157405565741,-0.12382888486500973,-0.09889163087889202,-0.09662008656457523,-0.10700676034626162,0.029295738851307214,-0.08694516059509827,-0.05000114209869232,0.17784561428995793,0.13294919369946728
-0.1842145088891897,0.4794897501786614,0.10059694671151125,0.13257231203199113,0.04203222707841522,0.05958754467775071,-0.16302629937457852,0.03945092874497423,-0.10224306044009333,0.010963019405194596,-0.07462811670303128,-0.0922280735891414,0.022581393022371284,-0.0898643915544302,-0.026556401997459633,-0.17512732184388172,-0.14396613062605568
0.10920393932174575,0.41286641795876866,-0.04299789412212782,0.13811519244262874,-0.05986793778428161,0.020661797297449044,0.1032376187141991,-0.0990217183842607,-0.1487281143840371,-0.17350379165443208,-0.07462235198181966,-0.0678247414900658,0.02251466996477641,-0.07180780949246364,-0.052015960357877575,-0.21750379457741492,-0.17169842811780442
-0.2052891846361387,0.6995019993232668,0.05654048917695153,-0.2613568403394417,0.05911837392640649,-0.2515955276371854,-0.16504279296783617,-0.016036513605058138,-0.15994916390330385,0.027643684305546007,-0.11352490273518513,-0.11210644179266147,-0.06619375843597158,-0.06312636575619703,0.11339187168057244,-0.1325599085210999,-0.12492590502458785
-0.2808992884858126,-0.9732714638209529,-0.014638817111674128,-0.21220632314391735,0.011880244914711223,-0.24153419427165637,-0.17034802035512714,-0.11497880467978644,-0.16903745406765877,-0.022794151356168094,-0.12630368910837042,-0.15942234513390616,0.008712121553344708,-0.07206812215158705,-0.04193093765127622,-0.13047209936582094,-0.10583564992641696
-0.23242864000126864,-1.2059478413431253,0.026738362214506664,0.10699521470193729,-0.04415086799220688,-0.02604411756499936,-0.21912174493629757,-0.08306169839765433,0.11249179622619691,-0.12226818361490534,-0.1471552550234442,-0.17170915816439286,0.010865334724950163,-0.07563655218829944,-0.04076159525085862,0.10973258337663216,0.09718973430516155
-0.3246508362032383,-0.9562519946389603,-0.007762758952396248,-0.31323909407994593,-0.011296599129031611,0.35954933062838934,-0.16318765609118002,-0.059666122934922336,-0.2590038483790188,0.09952667781529709,-0.21848981761944575,-0.21867891507495127,0.011095846156978803,-0.06503114219492098,-0.03749514224871749,0.13237061354471663,0.11693025454204743
0.26017457550179246,0.47620825037231584,-0.02131856576562361,0.25360734616701924,-0.005828929676134898,0.1571959333629796,-0.07454465844973861,-0.005806904035272566,-0.0922470334031721,0.19494818819230555,-0.05455995284567983,-0.053400113453992926,0.03207331305240497,-0.045452955844775045,-0.021812196813162606,0.22785244772751873,0.18644626088668817
-0.3822492439871239,-0.9775783130303903,-0.011412317391094957,0.1072609130081934,-0.004101928460982368,-0.15363551748571683,-0.24659341395445286,0.03322315240341704,0.1259854180362148,0.12327344113279887,-0.1695270935095658,-0.17845261360964593,0.011874788715408681,-0.06597600389838877,-0.03482332840821512,0.1685516136046372,0.13240183814964296
-0.46404123489143795,-1.11536787562631,-0.030621942444681104,0.09331147264731918,-0.11572323196234781,-0.006359046712767727,-0.3020498721244446,-0.09943715147877057,0.08637082224959643,0.04425352354578301,-0.11994315174529961,-0.1438381390237804,0.009024711602541664,-0.07727667044474944,-0.04404676341715706,-0.2447579482632146,-0.20718857463798476
-0.41978863029600294,0.43529416328000936,-0.04180691217956337,0.15773306176006105,0.01002223664623302,0.042595880788962516,-0.2200987116955078,-0.06962796018355354,0.1014213116958602,-0.014348406140167037,-0.07025405285407721,-0.07777698154167842,0.015031721364137942,-0.0919050863023676,-0.04419832573500023,-0.23669416945488256,-0.2085584191721468
-0.1904095296083711,-0.8768356280963435,-0.06036324254765578,0.10099904580610711,0.013528715385621726,0.026242667420253187,-0.4043772814783131,0.02518438830433153,0.06420941202041822,-0.05826940769653286,-0.08907332540780111,-0.08888169770805499,0.012209199354221122,0.29373590060284854,0.1333759333977701,-0.18294922972191788,-0.18378551902219442
-0.28227553620260365,0.3592582161793063,-0.012237333707627498,0.20928027942854066,0.032485898251019905,-0.27481387297056936,-0.15203888409380514,0.006245564585691462,-0.0782356856308439,0.12465177101030923,0.11636519044560512,0.13001539060651818,0.027671180409736516,-0.062142060675075744,-0.012385819021426821,0.26170711004513747,0.2037885394003479
-0.23429784532167486,-1.1502112995920153,0.023836705241693786,-0.255716499156704,-0.14536213209500198,-0.004293859523251673,0.1859593841968364,-0.10039697776277233,-0.23159952331638028,-0.08390908502280875,-0.1929052087574749,-0.2059541446703539,0.011890290036069933,-0.07609970729824699,-0.05808685320626451,0.08999672592631726,0.07433153339314544
-0.343276908001372,-1.0781721225044696,-0.01903784594578152,-0.2774833583324296,-0.034750092655490186,-0.017191845783244425,-0.18632128405226367,-0.0718340141813622,-0.2660377010018251,0.0848200100081731,-0.24721301464111065,-0.2534943981579884,0.011181065466684419,-0.07662539982693319,-0.039992295766240686,0.12283937969308113,0.09750864165864119
-0.14052308769920935,-0.7965379003731592,-0.0022322155742618604,-0.09640114138228444,0.025923429111465807,0.030740910932123472,-0.15376157001132207,0.06865484776777447,0.1245541417232783,-0.14108709676411174,0.19881526302312277,0.2162426926367636,0.010308310874603384,-0.05346642919769537,0.001203538462725795,0.10605106081988344,0.11822511412678967
0.07473979206796075,0.09075423963293862,-0.04008698542820397,-0.3586228310623242,-0.2028311558702141,-0.24835448753941664,0.08970732207911628,-0.07517170936523557,-0.20572449331626658,0.08956845677875815,0.0846404112774954,0.0669032740078688,0.015040664158599166,0.10343139007616765,-0.0043513003060757175,0.07722887753990026,0.05334490255426378
-0.36156587107126253,0.3975430523575249,-0.05971579653429988,-0.229590685441606,0.05457534858109337,-0.2936661080477344,-0.20749234970784367,0.022851275457365126,-0.16411647538206,-0.008360239566401289,-0.06983281382040403,-0.08611741191915062,0.0201253540388434,0.36200071483903773,0.09875121834374205,-0.18719127313083517,-0.15352004784296125
0.26875426797479973,0.5109946863766353,-0.045335042194796143,0.26783268034194946,0.08391063206795436,0.14463141406958838,-0.07455162929151667,-0.028613319539590874,-0.09350036380689229,0.18839743633798933,-0.04468129711924288,-0.043967175804340765,0.04134753107530201,-0.03808496226449312,0.006337453814278782,0.21509250580785771,0.18704374928870415
-0.1141224154053312,0.45165429830392906,-0.023034278070292565,-0.16322326503029125,0.0825222882430943,0.047901903607073214,-0.11004101270752917,0.042455849943677515,0.12892227424585762,0.12265001283039398,0.15654902988348757,0.13723733528290666,0.011093560501343518,0.18562261398870142,0.03419552988040017,0.14400864530299734,0.12930089921181828
0.20521150862267276,0.3772633447137882,0.0638330324159186,0.2045942334995898,0.0614205003003021,0.03980544952390938,-0.17180326116267813,-0.016087115706445013,0.10815539395628795,0.18076689977554714,0.08308415779947513,0.0799709440115281,-0.16863984805560836,-0.06224711778489562,0.07110218387043149,0.11688821161654289,0.11639933398057112
0.17553039235977538,0.3007408373169313,-0.03302762211146926,0.19206953418900372,0.0951956413477538,0.03070571116183011,-0.09894989860411524,-0.039951580619069955,-0.11765169736147042,0.18289028395340207,0.06563791274218493,0.06085023760359541,-0.21017074569932054,-0.04321512825111463,0.03036073413204137,0.18458629259159198,0.16910867385240955
0.10417638292797925,0.2715218294193325,0.05594386413660114,-0.2874099705989984,-0.09034629634950725,0.05760163828551091,0.1548121380299218,-0.026689745100662448,0.1282168562715461,0.12005722463136213,0.1273503083868602,0.11708974244556598,0.014259710185620243,-0.017824040943236738,-0.003046057026133846,0.1016899191271724,0.09609726886580477
0.2188461158867636,0.40191909617006544,0.05800281610348424,0.2221578726583296,0.051429358824235,0.06595796460433213,0.16595917348768038,0.028040308879110486,0.12333800118580943,0.20508304726769422,0.13470491292626371,0.13256346150501283,0.010880191505018368,-0.023738371563347904,-0.024892768651602764,-0.14340205127203234,-0.10524142997985807
0.10707432061465082,0.3963495866265477,-0.03000370754271598,0.19431743298525284,0.03689439603940957,0.03944035306441265,0.16452073657856808,-0.016506400542287504,0.06569264442973984,-0.18694793139739016,0.1419874181201508,0.14811029223472352,0.015998470253806473,-0.015463010572084414,0.0026983830582757292,0.12474079500627508,0.10272193558835094
0.2985804092680194,0.4211556555746636,-0.04347932338630752,-0.31017611343950396,0.07161203006118937,0.05540394967449524,-0.06126853097014394,-0.0022301097082216333,-0.10296441735971633,0.13403217607775972,0.0880482561751368,0.0874028919016054,0.0288701466192754,0.3218315510672279,0.06922265343402585,0.14275958172362777,0.11328755881246472
-0.09901575502490065,0.42716569428525636,-0.046851764509022065,-0.25271754702533694,0.06525024616531748,0.14111789619755044,-0.11325319540825617,-0.016565746442650766,-0.11562254897048702,-0.04064815002623155,-0.1136022466402905,-0.13178882942064177,0.009474485475752316,-0.03615276106255855,-0.020607799830146583,-0.13325573974003724,-0.11023186725998058
0.24552565987841604,-0.5989780236057973,0.005111644989552449,-0.1730461499751713,0.045520283277193666,0.014602806122714553,-0.11117915394387466,-0.033976607827699706,0.16251216982415873,0.22502839325772464,0.19424980416158805,0.19884651529858846,0.009904727361290536,-0.04893345836581108,-0.013449465929065202,0.15789010933177317,0.14632746344631703
0.31859131856340406,0.4230016861695964,0.1037280265313339,-0.2688024101614232,0.06920067382714723,-0.29885909100507463,-0.1662333702664789,-0.026153588902050284,0.14689617326767204,0.18380908659712586,0.030945751652305068,0.04045030112867246,0.015441226280617821,0.43373828538354114,0.18603825263715995,-0.13630694586507047,-0.1533066245319365
0.13391670045695744,0.2393842015920766,0.0962113821308091,-0.30885319169978337,-0.0077364011459236095,-0.32091472969273044,0.1855096536733075,0.08145893127622683,0.05345757977069882,-0.15482926332428168,0.025143145207919323,0.02238169398335973,0.011554718266584841,-0.06294804832475351,-0.06846153665795922,-0.15316305133935113,-0.1521265732528353
-0.1593779268742601,0.5422901621669829,-0.028334640995861242,-0.26250349653284366,0.008004328344132502,0.009524906395798116,0.16006254660276203,0.05893652354977957,0.17737657710994167,0.09812059745917585,-0.17134284143893677,-0.17178917020551016,0.011302100474599655,-0.043588622557836645,-0.03666828675483234,0.15588000361516754,0.1186599465134107
0.05853274094299384,0.27245452756168925,-0.05593470556571728,0.21736138350014206,-0.051837847968106116,0.05665717993354247,0.23537980858648197,0.10145281572523107,-0.10147108170656362,-0.07655806070138042,0.12457528368841328,0.11269209138369407,-0.21335863679158718,-0.06480907621184613,0.05163925245346656,0.17018366973042606,0.15520586362489494
-0.3046281367893727,-0.7240315805633734,0.020278148182451515,-0.12135959044939072,0.08676823316104262,0.08892242572084326,-0.1582659169054685,-0.128523909788743,0.1025417324005789,0.06777075879953681,0.18489953638330656,0.1964234919336576,0.00680095212549696,-0.0713162173455587,-0.03385050713005616,-0.20108976067426865,-0.20869522895845807
-0.029405828858205148,0.527401932767733,0.036305805727172215,-0.1722086544413344,0.06729310202513616,0.05590842814173047,-0.12450048609515411,-0.009616859543561512,0.08326066001788555,-0.11469661217677064,0.1608439089872436,0.17449349269611547,0.011282386630542818,-0.030380705331762098,0.003305813406651861,0.11596551447428902,0.11048458926009373
-0.3006658498425073,-0.6780975892660553,0.036067192737290005,-0.11605223770723828,-0.09043744581537644,-0.31457443145953395,-0.30533815694916283,0.0912808405606044,0.11136478251594255,0.08929010051644692,0.10221086631173423,0.09451762672736265,0.009360273600706326,0.27616390811590585,0.11490763726829033,-0.1595207782533913,-0.17242542921280213
-0.23981981878652986,-0.756657908701239,0.03563607136388087,0.18055819557964084,0.051282433366960214,0.28435527051117254,-0.14596190981556345,-0.019019938720932408,-0.10189591020265386,0.16886756493287927,0.18663229111679805,0.20629467745451946,0.012576560024088466,-0.0398889889181428,0.00082842544251171,0.21141890706011376,0.1856619329793154
-0.28107266322481556,-0.5615178325881443,0.015703377170593693,-0.20949811784591788,0.09063817270005906,0.17928603038098767,-0.1296922497294091,-0.10366832121936204,-0.1279485969275422,0.06897565411874217,0.15917464874861434,0.17223429875752908,0.008551026555264284,-0.056169947485353124,-0.022510064948209865,-0.2127741014047705,-0.22707440335239068
-0.08007845072779722,0.33423540686647885,0.13096141820061682,-0.3157262006681767,-0.024235595656721953,0.05343917714569041,0.15532979276820155,0.03879562103268856,0.050954336807910866,-0.07403486224754917,0.09619492038851363,0.12162925800753412,0.0166384128911199,-0.06843523364831058,-0.03781295264396378,0.135367886572356,0.112345157488525
-0.10035676530464308,0.4024744130420734,0.12492890298074696,-0.3075869318598006,-0.03865908252313461,0.05768240934214578,0.16178640910453415,0.04977846681382332,-0.07399421954225086,-0.043107134246559854,0.12438279134567248,0.13364267778696118,0.021023230573918278,-0.06613652173053029,-0.025650469271868873,0.13657480377140513,0.10814516884740537
-0.11897151941947698,0.3781114332011322,-0.00839024868111582,-0.16093963979563988,0.11706451696278482,-0.21761523754042134,-0.09841081887117409,-0.05661563957986924,0.13914096118585395,0.12445833257836392,0.1456913511625669,0.1269862253870604,0.010587563403750715,0.1434947124462529,0.018752636052580023,0.1360055836421612,0.12430589134025835
-0.047877253943119494,0.3677045134539,-0.04124805601563914,-0.21052660343114438,0.06460201422546273,0.06819835042707538,-0.10550103542337007,-0.042597278974902085,-0.12461776259309004,-0.10233905520716319,0.164310054107999,0.15209672958018436,0.013667775826982136,0.15139591601012936,0.005364627007048476,0.09129998649994464,0.07550486320645237
-0.2779759261122409,0.5105749218638588,-0.050143345501738386,0.1518325625623206,0.043805330521683346,0.057124859344145316,0.1605303099751695,-0.003385698191077956,0.07909005282681238,0.07800183791865974,0.15350885766784705,0.1532519661051029,0.01034079444299237,-0.033452217361624736,-0.01977758309825065,-0.1960139206414587,-0.1451659118563445
-0.23591333563215316,-0.5852410558618075,0.03047024352301526,-0.10717802683446291,0.08177000740165906,-0.18681228446245185,-0.12988022361806173,0.06711410106241336,0.17137698499247248,0.1548534848482281,0.21792365200657604,0.22789005975636636,0.009882360167194494,-0.046469389744750074,0.002129539006867624,0.1885737236215104,0.1845347204073497
0.17945742005375934,0.23688641556225878,0.04585193021123984,-0.33286502740515284,0.01585636488493114,0.07244414674636777,-0.09594806354489081,-0.028964974939298622,0.08128771311097956,0.19091258334307287,0.05333659936409184,0.03746509046731698,0.01259521885911103,-0.05944642650650365,-0.04232090522481164,0.20519348671300616,0.195293768670438
-0.21677957947143564,0.21548795114138775,0.04152830283124997,-0.2688712731243076,0.03936138005715465,-0.4761495484655787,-0.20802448668401893,-0.13411874166137264,0.06466405260906068,-0.035973546202788316,0.0016560928913818718,0.015737573494620436,0.010024422317468739,-0.10394988181525691,-0.06209704677083671,-0.22778120585685807,-0.2166872998702113
-0.10471262619035385,0.39067257624294977,-0.02668135657095171,-0.2762033139733033,0.03419682285744552,0.05482651586504358,0.09774004921323892,0.05106990039567495,-0.17085384379966914,0.09319557146291275,0.1489444695218772,0.13179122839274096,0.012409600948591117,0.1457874396997346,0.03926677190800823,0.12187262258322723,0.09786821445243991
-0.3613977604267634,-0.6661356960303688,-0.02461593669900294,-0.14479859853042068,-0.09336073224243834,-0.36945995656428354,-0.332919534123952,-0.15365787991015953,0.07574453031836618,0.06067004822125028,0.09309822047133272,0.10301540404009889,0.008766346372886506,-0.08407034303380018,-0.05176769212288729,-0.25683621992701466,-0.26804850253288953
-0.46487596143759696,-0.942392160596918,-0.02386818540969316,0.07652128260016568,-0.1956555389985815,-0.3705333210463766,-0.28291046145426846,-0.15954625614505524,0.06577330418572476,0.06506841825364643,0.09234710547065371,0.09789132786861764,0.0084056474923904,-0.08348723500316166,-0.03637300504835494,-0.27039970713695516,-0.26552750429108574
0.13810946194191814,0.32370968373856535,0.06071855128290506,-0.39117883976625,0.026681067532125402,0.018444165961597467,-0.10672842031819516,0.02863743446142715,-0.10741402989910193,0.10611503941510415,0.08855106807986249,0.08621926769594938,0.025135842518298653,-0.0686895824363477,-0.028602412263993404,0.15076915210970632,0.13603089037768454
-0.1594340379555125,-0.7162540630862426,0.007204606451737126,0.06044501985564801,0.04451950556566193,0.20763584146497502,-0.17082912123462932,0.021604937599440984,0.06277223383345502,-0.18342491310434136,0.13496180800714652,0.16638626543327298,0.012053019783829633,-0.03870223611574048,0.009844331247975359,0.14360876833324188,0.1393943748048004
-0.1538777247003638,-0.9880324858812922,0.000499910605243275,0.15131980421310812,-0.11315541787059999,0.023512698808618542,0.19835226385350993,-0.03236955662700915,-0.11092689243825272,-0.1521700207353307,0.1401287190964274,0.1251790343698524,0.013869473816292364,0.22196327381542677,0.06467798658773212,0.13938219913576155,0.10595836952565024
0.2821189182526513,-0.4931249891196252,0.028437139504152872,-0.17653378293599353,-0.11619082497461135,-0.27592112353190495,-0.2661587924306796,0.09812817628987744,-0.15140425496993454,0.13822706476914476,0.08352195435502152,0.089374020967666,0.015322256136170154,-0.053980974415784706,-0.03311743351100207,-0.16706078684150305,-0.15071798145315246
-0.07862380530964422,0.12104031574959281,-0.027122009435241252,0.13618872589374362,-0.01440615617727516,0.06067178275012693,0.21948909516999787,0.05257593071702937,0.04962458873545848,-0.10143960133970821,0.08093374951238619,0.07038642529934988,0.015932702068329495,0.15642844787115315,0.03256148866131322,0.12274244684959487,0.11116026649127018
